{"18":{"Name":"arcanine","Type1":"Fire","Type2":null,"Couleur_1":[0.5058823529,0.3843137255,0.2784313725],"Couleur_2":[0.0,0.0,0.0],"Couleur_3":[0.9725490196,0.9137254902,0.7607843137],"Per_1":0.797259082,"Per_2":0.1218910884,"Per_3":0.0808498296},"55":{"Name":"blacephalon","Type1":"Fire","Type2":"Ghost","Couleur_1":[0.9960784314,0.9960784314,0.9960784314],"Couleur_2":[0.6431372549,0.6235294118,0.6352941176],"Couleur_3":[0.8235294118,0.8196078431,0.8392156863],"Per_1":0.3858195212,"Per_2":0.3747697974,"Per_3":0.2394106814},"57":{"Name":"blaziken","Type1":"Fire","Type2":"Fighting","Couleur_1":[0.937254902,0.8745098039,0.6745098039],"Couleur_2":[0.8509803922,0.3490196078,0.2196078431],"Couleur_3":[0.568627451,0.5176470588,0.4549019608],"Per_1":0.4400420757,"Per_2":0.329943899,"Per_3":0.2300140252},"64":{"Name":"braixen","Type1":"Fire","Type2":null,"Couleur_1":[0.4117647059,0.2901960784,0.2196078431],"Couleur_2":[0.0,0.0,0.0],"Couleur_3":[0.9137254902,0.8823529412,0.6901960784],"Per_1":0.8673146148,"Per_2":0.0704103672,"Per_3":0.062275018},"81":{"Name":"camerupt","Type1":"Fire","Type2":"Ground","Couleur_1":[0.5176470588,0.3960784314,0.368627451],"Couleur_2":[0.0,0.0,0.0],"Couleur_3":[0.9254901961,0.5882352941,0.4823529412],"Per_1":0.8213331297,"Per_2":0.1288844774,"Per_3":0.0497823929},"91":{"Name":"chandelure","Type1":"Ghost","Type2":"Fire","Couleur_1":[0.231372549,0.2235294118,0.2352941176],"Couleur_2":[0.8196078431,0.8666666667,0.8862745098],"Couleur_3":[0.0,0.0,0.0],"Per_1":0.043381204,"Per_2":0.8851849096,"Per_3":0.0714338864},"93":{"Name":"charizard","Type1":"Fire","Type2":"Flying","Couleur_1":[0.8470588235,0.6235294118,0.3607843137],"Couleur_2":[0.1019607843,0.5333333333,0.5960784314],"Couleur_3":[0.9333333333,0.9019607843,0.7960784314],"Per_1":0.5283714075,"Per_2":0.286416114,"Per_3":0.1852124785},"95":{"Name":"charmander","Type1":"Fire","Type2":null,"Couleur_1":[0.6078431373,0.4588235294,0.3176470588],"Couleur_2":[0.0,0.0,0.0],"Couleur_3":[0.9098039216,0.7176470588,0.4901960784],"Per_1":0.925303256,"Per_2":0.0540540541,"Per_3":0.0206426899},"96":{"Name":"charmeleon","Type1":"Fire","Type2":null,"Couleur_1":[0.9019607843,0.8588235294,0.8039215686],"Couleur_2":[0.7450980392,0.3921568627,0.2588235294],"Couleur_3":[0.9254901961,0.6156862745,0.4941176471],"Per_1":0.223915592,"Per_2":0.3247362251,"Per_3":0.4513481829},"103":{"Name":"chimchar","Type1":"Fire","Type2":null,"Couleur_1":[0.6196078431,0.5294117647,0.4039215686],"Couleur_2":[0.7764705882,0.4431372549,0.0470588235],"Couleur_3":[0.9333333333,0.8941176471,0.6862745098],"Per_1":0.2715803453,"Per_2":0.3094289509,"Per_3":0.4189907039},"119":{"Name":"combusken","Type1":"Fire","Type2":"Fighting","Couleur_1":[0.8431372549,0.6431372549,0.4431372549],"Couleur_2":[0.5764705882,0.4156862745,0.2941176471],"Couleur_3":[0.9490196078,0.9098039216,0.6823529412],"Per_1":0.3297764228,"Per_2":0.2977642276,"Per_3":0.3724593496},"141":{"Name":"cyndaquil","Type1":"Fire","Type2":null,"Couleur_1":[0.9607843137,0.9176470588,0.6901960784],"Couleur_2":[0.1176470588,0.3803921569,0.4352941176],"Couleur_3":[0.6588235294,0.6156862745,0.4784313725],"Per_1":0.4943925234,"Per_2":0.2785046729,"Per_3":0.2271028037},"143":{"Name":"darmanitan-standard","Type1":"Fire","Type2":null,"Couleur_1":[0.0039215686,0.0,0.0],"Couleur_2":[0.6745098039,0.2784313725,0.2235294118],"Couleur_3":[0.8666666667,0.8705882353,0.8666666667],"Per_1":0.7012626263,"Per_2":0.1146464646,"Per_3":0.1840909091},"145":{"Name":"darumaka","Type1":"Fire","Type2":null,"Couleur_1":[0.8509803922,0.4392156863,0.3647058824],"Couleur_2":[0.5843137255,0.262745098,0.2117647059],"Couleur_3":[0.8901960784,0.8549019608,0.6666666667],"Per_1":0.3441176471,"Per_2":0.4757352941,"Per_3":0.1801470588},"152":{"Name":"delphox","Type1":"Fire","Type2":"Psychic","Couleur_1":[0.6235294118,0.3176470588,0.2549019608],"Couleur_2":[0.8588235294,0.8431372549,0.7058823529],"Couleur_3":[0.9294117647,0.4588235294,0.262745098],"Per_1":0.6283798883,"Per_2":0.1606703911,"Per_3":0.2109497207},"198":{"Name":"emboar","Type1":"Fire","Type2":"Fighting","Couleur_1":[0.0078431373,0.0078431373,0.0078431373],"Couleur_2":[0.9254901961,0.6588235294,0.231372549],"Couleur_3":[0.3607843137,0.262745098,0.2156862745],"Per_1":0.421833481,"Per_2":0.4645704163,"Per_3":0.1135961027},"201":{"Name":"entei","Type1":"Fire","Type2":null,"Couleur_1":[0.5529411765,0.2941176471,0.1294117647],"Couleur_2":[0.8745098039,0.8941176471,0.7764705882],"Couleur_3":[0.5294117647,0.5411764706,0.5333333333],"Per_1":0.0587633732,"Per_2":0.0789804909,"Per_3":0.8622561359},"212":{"Name":"fennekin","Type1":"Fire","Type2":null,"Couleur_1":[0.9725490196,0.9019607843,0.4549019608],"Couleur_2":[0.7725490196,0.4431372549,0.2549019608],"Couleur_3":[0.8392156863,0.831372549,0.831372549],"Per_1":0.3123797306,"Per_2":0.4894162925,"Per_3":0.1982039769},"219":{"Name":"flareon","Type1":"Fire","Type2":null,"Couleur_1":[0.7450980392,0.7176470588,0.537254902],"Couleur_2":[0.8274509804,0.4431372549,0.1843137255],"Couleur_3":[0.9803921569,0.968627451,0.6745098039],"Per_1":0.2197530864,"Per_2":0.3094650206,"Per_3":0.470781893},"220":{"Name":"fletchinder","Type1":"Fire","Type2":"Flying","Couleur_1":[0.631372549,0.662745098,0.7411764706],"Couleur_2":[0.4392156863,0.3450980392,0.2784313725],"Couleur_3":[0.8901960784,0.5882352941,0.3450980392],"Per_1":0.321857486,"Per_2":0.2858286629,"Per_3":0.3923138511},"279":{"Name":"growlithe","Type1":"Fire","Type2":null,"Couleur_1":[0.968627451,0.8901960784,0.7450980392],"Couleur_2":[0.0,0.0,0.0],"Couleur_3":[0.5019607843,0.368627451,0.2666666667],"Per_1":0.9376547706,"Per_2":0.0235251275,"Per_3":0.038820102},"293":{"Name":"heatmor","Type1":"Fire","Type2":null,"Couleur_1":[0.4588235294,0.3137254902,0.2392156863],"Couleur_2":[0.7921568627,0.7098039216,0.537254902],"Couleur_3":[0.7568627451,0.3882352941,0.2705882353],"Per_1":0.3652735304,"Per_2":0.2657152565,"Per_3":0.369011213},"294":{"Name":"heatran","Type1":"Fire","Type2":"Steel","Couleur_1":[0.862745098,0.8549019608,0.8509803922],"Couleur_2":[0.4392156863,0.2274509804,0.1529411765],"Couleur_3":[0.6,0.5568627451,0.5098039216],"Per_1":0.3736636245,"Per_2":0.4041720991,"Per_3":0.2221642764},"304":{"Name":"ho-oh","Type1":"Fire","Type2":"Flying","Couleur_1":[0.9137254902,0.3490196078,0.0980392157],"Couleur_2":[0.8509803922,0.8588235294,0.8039215686],"Couleur_3":[0.5058823529,0.4078431373,0.2431372549],"Per_1":0.4549058474,"Per_2":0.2529732408,"Per_3":0.2921209118},"311":{"Name":"houndoom","Type1":"Dark","Type2":"Fire","Couleur_1":[0.7058823529,0.6078431373,0.5568627451],"Couleur_2":[0.3411764706,0.2941176471,0.2745098039],"Couleur_3":[0.9333333333,0.9019607843,0.8941176471],"Per_1":0.2426292895,"Per_2":0.5848235863,"Per_3":0.1725471242},"312":{"Name":"houndour","Type1":"Dark","Type2":"Fire","Couleur_1":[0.8862745098,0.8823529412,0.8745098039],"Couleur_2":[0.3019607843,0.2901960784,0.2666666667],"Couleur_3":[0.6901960784,0.5529411765,0.4588235294],"Per_1":0.1657587549,"Per_2":0.6147859922,"Per_3":0.2194552529},"318":{"Name":"incineroar","Type1":"Fire","Type2":"Dark","Couleur_1":[0.9960784314,0.9960784314,0.9921568627],"Couleur_2":[0.3882352941,0.2588235294,0.2431372549],"Couleur_3":[0.737254902,0.6274509804,0.5411764706],"Per_1":0.4565083282,"Per_2":0.1400370142,"Per_3":0.4034546576},"319":{"Name":"infernape","Type1":"Fire","Type2":"Fighting","Couleur_1":[0.4274509804,0.3843137255,0.3490196078],"Couleur_2":[0.8745098039,0.4980392157,0.1921568627],"Couleur_3":[0.8666666667,0.8549019608,0.8],"Per_1":0.2762413576,"Per_2":0.3953488372,"Per_3":0.3284098052},"357":{"Name":"lampent","Type1":"Ghost","Type2":"Fire","Couleur_1":[0.6666666667,0.7176470588,0.8],"Couleur_2":[0.0,0.0,0.0],"Couleur_3":[0.4156862745,0.4196078431,0.4235294118],"Per_1":0.9361594569,"Per_2":0.0244096194,"Per_3":0.0394309237},"361":{"Name":"larvesta","Type1":"Bug","Type2":"Fire","Couleur_1":[0.6784313725,0.6823529412,0.6784313725],"Couleur_2":[0.9764705882,0.9607843137,0.9568627451],