{"18":{"Name":"arcanine","Type1":"Fire","Type2":null,"Couleur_1":[0.0775862069,0.4496124031,0.5058823529],"Couleur_2":[0.1203703704,0.2177419355,0.9725490196],"Couleur_3":[0.0777777778,0.4751131222,0.8666666667],"Per_1":0.1788546256,"Per_2":0.4936857562,"Per_3":0.3274596182},"55":{"Name":"blacephalon","Type1":"Fire","Type2":"Ghost","Couleur_1":[0.0,0.0,0.9960784314],"Couleur_2":[0.9,0.0304878049,0.6431372549],"Couleur_3":[0.7,0.023364486,0.8392156863],"Per_1":0.3858195212,"Per_2":0.3747697974,"Per_3":0.2394106814},"57":{"Name":"blaziken","Type1":"Fire","Type2":"Fighting","Couleur_1":[0.1268656716,0.280334728,0.937254902],"Couleur_2":[0.0341614907,0.7419354839,0.8509803922],"Couleur_3":[0.091954023,0.2,0.568627451],"Per_1":0.4400420757,"Per_2":0.329943899,"Per_3":0.2300140252},"64":{"Name":"braixen","Type1":"Fire","Type2":null,"Couleur_1":[0.0658602151,0.6169154229,0.7882352941],"Couleur_2":[0.1432748538,0.2446351931,0.9137254902],"Couleur_3":[0.0612244898,0.4666666667,0.4117647059],"Per_1":0.3676158096,"Per_2":0.415639609,"Per_3":0.2167445814},"81":{"Name":"camerupt","Type1":"Fire","Type2":"Ground","Couleur_1":[0.0398230088,0.4788135593,0.9254901961],"Couleur_2":[0.1,0.0215517241,0.9098039216],"Couleur_3":[0.0307017544,0.2878787879,0.5176470588],"Per_1":0.4633543783,"Per_2":0.1789733736,"Per_3":0.3576722481},"91":{"Name":"chandelure","Type1":"Ghost","Type2":"Fire","Couleur_1":[0.6467661692,0.3489583333,0.7529411765],"Couleur_2":[0.7777777778,0.05,0.2352941176],"Couleur_3":[0.5490196078,0.0752212389,0.8862745098],"Per_1":0.3833865815,"Per_2":0.3837859425,"Per_3":0.232827476},"93":{"Name":"charizard","Type1":"Fire","Type2":"Flying","Couleur_1":[0.0900537634,0.5740740741,0.8470588235],"Couleur_2":[0.5211640212,0.8289473684,0.5960784314],"Couleur_3":[0.1285714286,0.1470588235,0.9333333333],"Per_1":0.5283714075,"Per_2":0.286416114,"Per_3":0.1852124785},"95":{"Name":"charmander","Type1":"Fire","Type2":null,"Couleur_1":[0.0875,0.5042016807,0.9333333333],"Couleur_2":[0.1307189542,0.2227074236,0.8980392157],"Couleur_3":[0.0810185185,0.464516129,0.6078431373],"Per_1":0.4686346863,"Per_2":0.3040590406,"Per_3":0.2273062731},"96":{"Name":"charmeleon","Type1":"Fire","Type2":null,"Couleur_1":[0.048245614,0.4810126582,0.9294117647],"Couleur_2":[0.0933333333,0.1086956522,0.9019607843],"Couleur_3":[0.044077135,0.6470588235,0.7333333333],"Per_1":0.4698301113,"Per_2":0.2237844171,"Per_3":0.3063854716},"103":{"Name":"chimchar","Type1":"Fire","Type2":null,"Couleur_1":[0.1402116402,0.2647058824,0.9333333333],"Couleur_2":[0.0905017921,0.9393939394,0.7764705882],"Couleur_3":[0.096969697,0.3481012658,0.6196078431],"Per_1":0.4189907039,"Per_2":0.3094289509,"Per_3":0.2715803453},"119":{"Name":"combusken","Type1":"Fire","Type2":"Fighting","Couleur_1":[0.0841584158,0.4697674419,0.8431372549],"Couleur_2":[0.0698198198,0.4966442953,0.5843137255],"Couleur_3":[0.1421568627,0.2809917355,0.9490196078],"Per_1":0.3211382114,"Per_2":0.306402439,"Per_3":0.3724593496},"141":{"Name":"cyndaquil","Type1":"Fire","Type2":null,"Couleur_1":[0.1400966184,0.2816326531,0.9607843137],"Couleur_2":[0.5288065844,0.7297297297,0.4352941176],"Couleur_3":[0.1268115942,0.2738095238,0.6588235294],"Per_1":0.4943925234,"Per_2":0.2785046729,"Per_3":0.2271028037},"143":{"Name":"darmanitan-standard","Type1":"Fire","Type2":null,"Couleur_1":[0.0,1.0,0.0039215686],"Couleur_2":[0.0202898551,0.6686046512,0.6745098039],"Couleur_3":[0.3333333333,0.0045045045,0.8705882353],"Per_1":0.7012626263,"Per_2":0.1146464646,"Per_3":0.1840909091},"145":{"Name":"darumaka","Type1":"Fire","Type2":null,"Couleur_1":[0.0255376344,0.5714285714,0.8509803922],"Couleur_2":[0.0228070175,0.6375838926,0.5843137255],"Couleur_3":[0.1403508772,0.2511013216,0.8901960784],"Per_1":0.3441176471,"Per_2":0.4757352941,"Per_3":0.1801470588},"152":{"Name":"delphox","Type1":"Fire","Type2":"Psychic","Couleur_1":[0.0283687943,0.5911949686,0.6235294118],"Couleur_2":[0.0,0.0,0.0],"Couleur_3":[0.1495726496,0.1780821918,0.8588235294],"Per_1":0.8564894719,"Per_2":0.0620469451,"Per_3":0.081463583},"198":{"Name":"emboar","Type1":"Fire","Type2":"Fighting","Couleur_1":[0.0,0.0,0.0078431373],"Couleur_2":[0.1026365348,0.75,0.9254901961],"Couleur_3":[0.0540540541,0.402173913,0.3607843137],"Per_1":0.421833481,"Per_2":0.4645704163,"Per_3":0.1135961027},"201":{"Name":"entei","Type1":"Fire","Type2":null,"Couleur_1":[0.3888888889,0.0217391304,0.5411764706],"Couleur_2":[0.0,0.0,0.0],"Couleur_3":[0.0648148148,0.7659574468,0.5529411765],"Per_1":0.8182293222,"Per_2":0.1260077635,"Per_3":0.0557629143},"212":{"Name":"fennekin","Type1":"Fire","Type2":null,"Couleur_1":[0.1439393939,0.5322580645,0.9725490196],"Couleur_2":[0.0606060606,0.6700507614,0.7725490196],"Couleur_3":[0.9166666667,0.0093896714,0.8352941176],"Per_1":0.3123797306,"Per_2":0.4887748557,"Per_3":0.1988454137},"219":{"Name":"flareon","Type1":"Fire","Type2":null,"Couleur_1":[0.1446540881,0.2789473684,0.7450980392],"Couleur_2":[0.0670731707,0.7772511848,0.8274509804],"Couleur_3":[0.1602564103,0.312,0.9803921569],"Per_1":0.2197530864,"Per_2":0.3094650206,"Per_3":0.470781893},"220":{"Name":"fletchinder","Type1":"Fire","Type2":"Flying","Couleur_1":[0.0743405276,0.6123348018,0.8901960784],"Couleur_2":[0.619047619,0.1481481481,0.7411764706],"Couleur_3":[0.0691056911,0.3660714286,0.4392156863],"Per_1":0.3923138511,"Per_2":0.321857486,"Per_3":0.2858286629},"279":{"Name":"growlithe","Type1":"Fire","Type2":null,"Couleur_1":[0.1081871345,0.2307692308,0.968627451],"Couleur_2":[0.0722222222,0.46875,0.5019607843],"Couleur_3":[0.0798611111,0.4507042254,0.8352941176],"Per_1":0.4390563565,"Per_2":0.2116644823,"Per_3":0.3492791612},"293":{"Name":"heatmor","Type1":"Fire","Type2":null,"Couleur_1":[0.056547619,0.4786324786,0.4588235294],"Couleur_2":[0.0403225806,0.6424870466,0.7568627451],"Couleur_3":[0.1128205128,0.3217821782,0.7921568627],"Per_1":0.3652735304,"Per_2":0.369011213,"Per_3":0.2657152565},"294":{"Name":"heatran","Type1":"Fire","Type2":"Steel","Couleur_1":[0.0555555556,0.0136363636,0.862745098],"Couleur_2":[0.0869565217,0.1503267974,0.6],"Couleur_3":[0.0433789954,0.6517857143,0.4392156863],"Per_1":0.3736636245,"Per_2":0.2221642764,"Per_3":0.4041720991},"304":{"Name":"ho-oh","Type1":"Fire","Type2":"Flying","Couleur_1":[0.0501618123,0.8917748918,0.9058823529],"Couleur_2":[0.2023809524,0.0636363636,0.862745098],"Couleur_3":[0.1119791667,0.496124031,0.5058823529],"Per_1":0.4642857143,"Per_2":0.2497519841,"Per_3":0.2859623016},"311":{"Name":"houndoom","Type1":"Dark","Type2":"Fire","Couleur_1":[0.0570175439,0.2111111111,0.7058823529],"Couleur_2":[0.0490196078,0.1954022989,0.3411764706],"Couleur_3":[0.0333333333,0.0420168067,0.9333333333],"Per_1":0.2426292895,"Per_2":0.5848235863,"Per_3":0.1725471242},"312":{"Name":"houndour","Type1":"Dark","Type2":"Fire","Couleur_1":[0.0677966102,0.3352272727,0.6901960784],"Couleur_2":[0.1111111111,0.0132743363,0.8862745098],"Couleur_3":[0.1111111111,0.1168831169,0.3019607843],"Per_1":0.2194552529,"Per_2":0.1657587549,"Per_3":0.6147859922},"318":{"Name":"incineroar","Type1":"Fire","Type2":"Dark","Couleur_1":[0.1666666667,0.0039370079,0.9960784314],"Couleur_2":[0.07,0.2659574468,0.737254902],"Couleur_3":[0.018018018,0.3737373737,0.3882352941],"Per_1":0.139420111,"Per_2":0.4599012955,"Per_3":0.4006785935},"319":{"Name":"infernape","Type1":"Fire","Type2":"Fighting","Couleur_1":[0.137254902,0.0769230769,0.8666666667],"Couleur_2":[0.0742857143,0.78125,0.8784313725],"Couleur_3":[0.0793650794,0.1926605505,0.4274509804],"Per_1":0.3284098052,"Per_2":0.3934632307,"Per_3":0.2781269642},"357":{"Name":"lampent","Type1":"Ghost","Type2":"Fire","Couleur_1":[0.6029411765,0.1666666667,0.8],"Couleur_2":[0.5833333333,0.0185185185,0.4235294118],"Couleur_3":[0.0,0.037037037,0.2117647059],"Per_1":0.3848295059,"Per_2":0.2352122477,"Per_3":0.3799582463},"361":{"Name":"larvesta","Type1":"Bug","Type2":"Fire","Couleur_1":[0.0333333333,0.0200803213,0.9764705882],"Couleur_2":[0.0,0.0,0.0],