{
    "0": {
        "Name": "abomasnow",
        "Type1": "Grass",
        "Type2": "Ice",
        "Couleur_1": [
            0.5555555556,
            0.0118577075,
            0.9921568627
        ],
        "Couleur_2": [
            0.0,
            0.0,
            0.0
        ],
        "Couleur_3": [
            0.4722222222,
            0.2876712329,
            0.5725490196
        ],
        "Per_1": 0.7756520247,
        "Per_2": 0.1557995882,
        "Per_3": 0.0685483871
    },
    "11": {
        "Name": "amaura",
        "Type1": "Rock",
        "Type2": "Ice",
        "Couleur_1": [
            0.5548245614,
            0.3052208835,
            0.9764705882
        ],
        "Couleur_2": [
            0.1302083333,
            0.1523809524,
            0.8235294118
        ],
        "Couleur_3": [
            0.5567375887,
            0.2919254658,
            0.631372549
        ],
        "Per_1": 0.5031887755,
        "Per_2": 0.21875,
        "Per_3": 0.2780612245
    },
    "26": {
        "Name": "articuno",
        "Type1": "Ice",
        "Type2": "Flying",
        "Couleur_1": [
            0.5706521739,
            0.4299065421,
            0.8392156863
        ],
        "Couleur_2": [
            0.5633802817,
            0.5,
            0.5568627451
        ],
        "Couleur_3": [
            0.5151515152,
            0.0468085106,
            0.9215686275
        ],
        "Per_1": 0.5265995687,
        "Per_2": 0.2735442128,
        "Per_3": 0.1998562185
    },
    "28": {
        "Name": "aurorus",
        "Type1": "Rock",
        "Type2": "Ice",
        "Couleur_1": [
            0.5897435897,
            0.335483871,
            0.6078431373
        ],
        "Couleur_2": [
            0.0,
            0.0,
            0.0
        ],
        "Couleur_3": [
            0.2166666667,
            0.085106383,
            0.9215686275
        ],
        "Per_1": 0.8225127088,
        "Per_2": 0.1007262164,
        "Per_3": 0.0767610748
    },
    "29": {
        "Name": "avalugg",
        "Type1": "Ice",
        "Type2": null,
        "Couleur_1": [
            0.5491452991,
            0.3170731707,
            0.9647058824
        ],
        "Couleur_2": [
            0.5882352941,
            0.3591549296,
            0.5568627451
        ],
        "Couleur_3": [
            0.5694444444,
            0.3529411765,
            0.8
        ],
        "Per_1": 0.4528208918,
        "Per_2": 0.1800936191,
        "Per_3": 0.367085489
    },
    "42": {
        "Name": "beartic",
        "Type1": "Ice",
        "Type2": null,
        "Couleur_1": [
            0.6153846154,
            0.1160714286,
            0.8784313725
        ],
        "Couleur_2": [
            0.5119047619,
            0.0555555556,
            0.9882352941
        ],
        "Couleur_3": [
            0.5972222222,
            0.0833333333,
            0.5647058824
        ],
        "Per_1": 0.2658997178,
        "Per_2": 0.594095941,
        "Per_3": 0.1400043412
    },
    "49": {
        "Name": "bergmite",
        "Type1": "Ice",
        "Type2": null,
        "Couleur_1": [
            0.5427350427,
            0.313253012,
            0.9764705882
        ],
        "Couleur_2": [
            0.5694444444,
            0.1472392638,
            0.6392156863
        ],
        "Couleur_3": [
            0.5,
            0.0647773279,
            0.968627451
        ],
        "Per_1": 0.4993112948,
        "Per_2": 0.2713498623,
        "Per_3": 0.229338843
    },
    "115": {
        "Name": "cloyster",
        "Type1": "Water",
        "Type2": "Ice",
        "Couleur_1": [
            0.7150537634,
            0.1476190476,
            0.8235294118
        ],
        "Couleur_2": [
            0.7037037037,
            0.27,
            0.3921568627
        ],
        "Couleur_3": [
            0.7,
            0.1666666667,
            0.5882352941
        ],
        "Per_1": 0.4932764841,
        "Per_2": 0.2299114464,
        "Per_3": 0.2768120695
    },
    "127": {
        "Name": "crabominable",
        "Type1": "Fighting",
        "Type2": "Ice",
        "Couleur_1": [
            0.6666666667,
            0.0039525692,
            0.9921568627
        ],
        "Couleur_2": [
            0.6276595745,
            0.3286713287,
            0.5607843137
        ],
        "Couleur_3": [
            0.5512820513,
            0.1209302326,
            0.8431372549
        ],
        "Per_1": 0.4452975048,
        "Per_2": 0.2802303263,
        "Per_3": 0.2744721689
    },
    "137": {
        "Name": "cryogonal",
        "Type1": "Ice",
        "Type2": null,
        "Couleur_1": [
            0.5720720721,
            0.3474178404,
            0.8352941176
        ],
        "Couleur_2": [
            0.5945273632,
            0.4589041096,
            0.5725490196
        ],
        "Couleur_3": [
            0.5287356322,
            0.1178861789,
            0.9647058824
        ],
        "Per_1": 0.3465862353,
        "Per_2": 0.4551686318,
        "Per_3": 0.198245133
    },
    "138": {
        "Name": "cubchoo",
        "Type1": "Ice",
        "Type2": null,
        "Couleur_1": [
            0.5815602837,
            0.220657277,
            0.8352941176
        ],
        "Couleur_2": [
            0.5518518519,
            0.1792828685,
            0.9843137255
        ],
        "Couleur_3": [
            0.5933333333,
            0.1736111111,
            0.5647058824
        ],
        "Per_1": 0.3187114462,
        "Per_2": 0.5263879369,
        "Per_3": 0.1549006169
    },
    "151": {
        "Name": "delibird",
        "Type1": "Ice",
        "Type2": "Flying",
        "Couleur_1": [
            0.0476190476,
            0.0388888889,
            0.7058823529
        ],
        "Couleur_2": [
            0.0,
            0.0,
            0.0
        ],
        "Couleur_3": [
            0.0226190476,
            0.7865168539,
            0.6980392157
        ],
        "Per_1": 0.8935738608,
        "Per_2": 0.0570165906,
        "Per_3": 0.0494095486
    },
    "154": {
        "Name": "dewgong",
        "Type1": "Water",
        "Type2": "Ice",
        "Couleur_1": [
            0.6666666667,
            0.0201612903,
            0.9725490196
        ],
        "Couleur_2": [
            0.6666666667,
            0.015625,
            0.7529411765
        ],
        "Couleur_3": [
            0.6666666667,
            0.0144927536,
            0.5411764706
        ],
        "Per_1": 0.6838667538,
        "Per_2": 0.2214239059,
        "Per_3": 0.0947093403
    },
    "233": {
        "Name": "froslass",
        "Type1": "Ice",
        "Type2": "Ghost",
        "Couleur_1": [
            0.5333333333,
            0.1058201058,
            0.7411764706
        ],
        "Couleur_2": [
            0.4666666667,
            0.020242915,
            0.968627451
        ],
        "Couleur_3": [
            0.9875,
            0.3053435115,
            0.5137254902
        ],
        "Per_1": 0.363238512,
        "Per_2": 0.4288840263,
        "Per_3": 0.2078774617
    },
    "251": {
        "Name": "glaceon",
        "Type1": "Ice",
        "Type2": null,
        "Couleur_1": [
            0.5238095238,
            0.2648648649,
            0.7254901961
        ],
        "Couleur_2": [
            0.5164609053,
            0.6639344262,
            0.4784313725
        ],
        "Couleur_3": [
            0.4935897436,
            0.106557377,
            0.9568627451
        ],
        "Per_1": 0.3574585635,
        "Per_2": 0.3320441989,
        "Per_3": 0.3104972376
    },
    "252": {
        "Name": "glalie",
        "Type1": "Ice",
        "Type2": null,
        "Couleur_1": [
            0.6287878788,
            0.0909090909,
            0.9490196078
        ],
        "Couleur_2": [
            0.5555555556,
            0.0789473684,
            0.2980392157
        ],