{
  "0": {
    "Name": "Bug",
    "Couleur1": 0.3250108035,
    "Couleur2": 0.2870196327,
    "Couleur3": 0.7374076904,
    "Per1": 0.1811594203,
    "Per2": 0.0972222222,
    "Per3": 0.265625
  },
  "1": {
    "Name": "Dark",
    "Couleur1": 0.3672502755,
    "Couleur2": 0.2228099079,
    "Couleur3": 0.6802216539,
    "Per1": 0.5972222222,
    "Per2": 0.9761904762,
    "Per3": 0.5276872964
  },
  "2": {
    "Name": "Dragon",
    "Couleur1": 0.4447190907,
    "Couleur2": 0.227367628,
    "Couleur3": 0.6861873638,
    "Per1": 0.1333333333,
    "Per2": 0.2274143302,
    "Per3": 0.0884495317
  },
  "3": {
    "Name": "Electric",
    "Couleur1": 0.2661077287,
    "Couleur2": 0.2872259833,
    "Couleur3": 0.7956699346,
    "Per1": 0.1605392157,
    "Per2": 0.171875,
    "Per3": 0.406374502
  },
  "4": {
    "Name": "Fairy",
    "Couleur1": 0.5081540605,
    "Couleur2": 0.2454106937,
    "Couleur3": 0.7657905716,
    "Per1": 0.6083333333,
    "Per2": 0.9259259259,
    "Per3": 0.3947990544
  },
  "5": {
    "Name": "Fighting",
    "Couleur1": 0.340327975,
    "Couleur2": 0.2437464485,
    "Couleur3": 0.6903413217,
    "Per1": 0.2252252252,
    "Per2": 0.2090909091,
    "Per3": 0.2421846928
  },
  "6": {
    "Name": "Fire",
    "Couleur1": 0.1673443384,
    "Couleur2": 0.4288842828,
    "Couleur3": 0.7833946078,
    "Per1": 0.0618556701,
    "Per2": 0.1388888889,
    "Per3": 0.5082742317
  },
  "7": {
    "Name": "Flying",
    "Couleur1": 0.3361700945,
    "Couleur2": 0.2929519222,
    "Couleur3": 0.7476990796,
    "Per1": 0.5804597701,
    "Per2": 0.0,
    "Per3": 0.4907749077
  },
  "8": {
    "Name": "Ghost",
    "Couleur1": 0.373613569,
    "Couleur2": 0.2389680225,
    "Couleur3": 0.6798905609,
    "Per1": 0.1666666667,
    "Per2": 0.0925925926,
    "Per3": 0.662745098
  },
  "9": {
    "Name": "Grass",
    "Couleur1": 0.2943815492,
    "Couleur2": 0.3091433585,
    "Couleur3": 0.7461896099,
    "Per1": 0.6666666667,
    "Per2": 0.33,
    "Per3": 0.3129539952
  },
  "10": {
    "Name": "Ground",
    "Couleur1": 0.3244481793,
    "Couleur2": 0.270043037,
    "Couleur3": 0.752879902,
    "Per1": 0.1333333333,
    "Per2": 0.2274143302,
    "Per3": 0.0884495317
  },
  "11": {
    "Name": "Ice",
    "Couleur1": 0.4366976098,
    "Couleur2": 0.2085127305,
    "Couleur3": 0.8465974625,
    "Per1": 0.5679012346,
    "Per2": 0.1666666667,
    "Per3": 0.4720321932
  },
  "12": {
    "Name": "Normal",
    "Couleur1": 0.3119146149,
    "Couleur2": 0.2437167307,
    "Couleur3": 0.7576542544,
    "Per1": 0.0964912281,
    "Per2": 0.1,
    "Per3": 0.20330033
  },
  "13": {
    "Name": "Poison",
    "Couleur1": 0.5848300683,
    "Couleur2": 0.2519142319,
    "Couleur3": 0.7027926322,
    "Per1": 0.5804597701,
    "Per2": 0.0,
    "Per3": 0.4907749077
  },
  "14": {
    "Name": "Psychic",
    "Couleur1": 0.4888993522,
    "Couleur2": 0.2786930335,
    "Couleur3": 0.8307986609,
    "Per1": 0.5909090909,
    "Per2": 0.0434027778,
    "Per3": 0.3672376874
  },
  "15": {
    "Name": "Rock",
    "Couleur1": 0.3589084489,
    "Couleur2": 0.225009647,
    "Couleur3": 0.726993464,
    "Per1": 0.0444444444,
    "Per2": 0.049382716,
    "Per3": 0.1844835363
  },
  "16": {
    "Name": "Steel",
    "Couleur1": 0.3502276496,
    "Couleur2": 0.1685239386,
    "Couleur3": 0.7284513805,
    "Per1": 0.1666666667,
    "Per2": 0.1666666667,
    "Per3": 0.2727272727
  },
  "17": {
    "Name": "Water",
    "Couleur1": 0.4537922787,
    "Couleur2": 0.2868798286,
    "Couleur3": 0.7769794941,
    "Per1": 0.649122807,
    "Per2": 0.564516129,
    "Per3": 0.252516011
  }
}